{
  "ks": [
    5,
    10
  ],
  "n_users": 200,
  "methods": {
    "cooccurrence": {
      "precision@5": 0.025,
      "precision@10": 0.0175,
      "recall@5": 0.011420664583356398,
      "recall@10": 0.01680731810125298,
      "ndcg@5": 0.027586441021640998,
      "ndcg@10": 0.023586630398227792,
      "map@5": 0.013983333333333334,
      "map@10": 0.009137389770723106
    },
    "hybrid": {
      "precision@5": 0.024000000000000004,
      "precision@10": 0.0175,
      "recall@5": 0.011212331250023064,
      "recall@10": 0.01680731810125298,
      "ndcg@5": 0.027152446444567886,
      "ndcg@10": 0.023732853607568535,
      "map@5": 0.01395,
      "map@10": 0.009239770723104057
    },
    "popularity": {
      "precision@5": 0.020000000000000004,
      "precision@10": 0.016,
      "recall@5": 0.010074673156482618,
      "recall@10": 0.016046258760421164,
      "ndcg@5": 0.024373992621479264,
      "ndcg@10": 0.022622517563683858,
      "map@5": 0.012458333333333333,
      "map@10": 0.00900324074074074
    }
  }
}